Ano;Mês;Estoque_inicial;Consumo_mensal;Compras
2023;1;307;30;0
2023;2;277;24;0
2023;3;253;33;0
2023;4;220;41;0
2023;5;179;75;0
2023;6;104;60;0
2023;7;44;51;150
2023;8;143;78;130
2023;9;195;68;0
2023;10;127;80;0
2023;11;47;34;150
2023;12;163;17;0
2024;1;146;19;0
2024;2;127;17;0
2024;3;110;18;0
2024;4;92;31;50
2024;5;111;55;0
2024;6;56;26;0
2024;7;30;46;150
2024;8;134;71;0
2024;9;63;58;30
2024;10;35;93;300
2024;11;242;49;0
2024;12;193;39;0
2025;1;154;29;0
2025;2;125;27;184
2025;3;282;30;0
2025;4;252;31;0
2025;5;221;37;0
2025;6;184;23;0
2025;7;161;45;0
2025;8;116;59;0
2025;9;57;80;37
2025;10;14;72;140
2025;11;82;45;123
2025;12;160;32;0
2026;1;128;31;0
2026;2;97;18;0
2026;3;79;22;150
2026;4;207;32;0
2026;5;175;28;0
2026;6;147;34;60
2026;7;173;45;0
2026;8;128;88;0
2026;9;40;86;230
2026;10;184;;
2026;11;;;
2026;12;;;
